/*
 Navicat Premium Dump SQL

 Source Server         : localhost
 Source Server Type    : PostgreSQL
 Source Server Version : 170004 (170004)
 Source Host           : localhost:5432
 Source Catalog        : company_profiles_db
 Source Schema         : public

 Target Server Type    : PostgreSQL
 Target Server Version : 170004 (170004)
 File Encoding         : 65001

 Date: 27/04/2025 15:34:59
*/


-- ----------------------------
-- Sequence structure for companies_id_seq
-- ----------------------------
DROP SEQUENCE IF EXISTS "public"."companies_id_seq";
CREATE SEQUENCE "public"."companies_id_seq" 
INCREMENT 1
MINVALUE  1
MAXVALUE 2147483647
START 1
CACHE 1;

-- ----------------------------
-- Sequence structure for company_categories_id_seq
-- ----------------------------
DROP SEQUENCE IF EXISTS "public"."company_categories_id_seq";
CREATE SEQUENCE "public"."company_categories_id_seq" 
INCREMENT 1
MINVALUE  1
MAXVALUE 2147483647
START 1
CACHE 1;

-- ----------------------------
-- Sequence structure for company_social_links_id_seq
-- ----------------------------
DROP SEQUENCE IF EXISTS "public"."company_social_links_id_seq";
CREATE SEQUENCE "public"."company_social_links_id_seq" 
INCREMENT 1
MINVALUE  1
MAXVALUE 2147483647
START 1
CACHE 1;

-- ----------------------------
-- Sequence structure for contacts_id_seq
-- ----------------------------
DROP SEQUENCE IF EXISTS "public"."contacts_id_seq";
CREATE SEQUENCE "public"."contacts_id_seq" 
INCREMENT 1
MINVALUE  1
MAXVALUE 2147483647
START 1
CACHE 1;

-- ----------------------------
-- Sequence structure for contacts_social_links_id_seq
-- ----------------------------
DROP SEQUENCE IF EXISTS "public"."contacts_social_links_id_seq";
CREATE SEQUENCE "public"."contacts_social_links_id_seq" 
INCREMENT 1
MINVALUE  1
MAXVALUE 99999
START 1
CACHE 1;

-- ----------------------------
-- Sequence structure for roles_id_seq
-- ----------------------------
DROP SEQUENCE IF EXISTS "public"."roles_id_seq";
CREATE SEQUENCE "public"."roles_id_seq" 
INCREMENT 1
MINVALUE  1
MAXVALUE 99999
START 1
CACHE 1;

-- ----------------------------
-- Sequence structure for services_id_seq
-- ----------------------------
DROP SEQUENCE IF EXISTS "public"."services_id_seq";
CREATE SEQUENCE "public"."services_id_seq" 
INCREMENT 1
MINVALUE  1
MAXVALUE 2147483647
START 1
CACHE 1;

-- ----------------------------
-- Sequence structure for social_media_types_id_seq
-- ----------------------------
DROP SEQUENCE IF EXISTS "public"."social_media_types_id_seq";
CREATE SEQUENCE "public"."social_media_types_id_seq" 
INCREMENT 1
MINVALUE  1
MAXVALUE 100
START 1
CACHE 1;

-- ----------------------------
-- Sequence structure for titles_id_seq
-- ----------------------------
DROP SEQUENCE IF EXISTS "public"."titles_id_seq";
CREATE SEQUENCE "public"."titles_id_seq" 
INCREMENT 1
MINVALUE  1
MAXVALUE 2147483647
START 1
CACHE 1;

-- ----------------------------
-- Sequence structure for users_id_seq
-- ----------------------------
DROP SEQUENCE IF EXISTS "public"."users_id_seq";
CREATE SEQUENCE "public"."users_id_seq" 
INCREMENT 1
MINVALUE  1
MAXVALUE 99999
START 1
CACHE 1;

-- ----------------------------
-- Table structure for companies
-- ----------------------------
DROP TABLE IF EXISTS "public"."companies";
CREATE TABLE "public"."companies" (
  "id" int4 NOT NULL GENERATED BY DEFAULT AS IDENTITY (
INCREMENT 1
MINVALUE  1
MAXVALUE 2147483647
START 1
CACHE 1
),
  "company_name" varchar(255) COLLATE "pg_catalog"."default" NOT NULL,
  "category_id" int4,
  "founded_date" date,
  "number_of_employees" int4,
  "location" varchar(255) COLLATE "pg_catalog"."default",
  "website" varchar(255) COLLATE "pg_catalog"."default",
  "about" text COLLATE "pg_catalog"."default",
  "user_id" int4,
  "company_logo" varchar(255) COLLATE "pg_catalog"."default"
)
;

-- ----------------------------
-- Records of companies
-- ----------------------------
INSERT INTO "public"."companies" VALUES (136, 'Ajayyp yorelge', 4, '2010-05-07', 158, 'Turkmenistan, Ashgabat', 'www.ajayyp-yorelge.com', 'Ynamly, best choice for your daily needs.', 11, '/files/136/company-logo/ynamly-yorelge-logo.png');
INSERT INTO "public"."companies" VALUES (164, 'IT tech', 5, '2021-12-29', 145, 'UK, London', 'www.ittech.com', 'Reliable partner for your daily tech needs', 4, '/files/164/company-logo/company-logo-1.webp');
INSERT INTO "public"."companies" VALUES (166, 'IT company 3', 5, '2002-02-21', 25, 'Tashkent, Uzbekistan', 'www.it3.com', 'Reliable partner for your business.', 4, '/files/166/company-logo/company-logo-3.webp');
INSERT INTO "public"."companies" VALUES (167, 'Ynamly security', 4, '1986-02-20', 16, 'Alma-ata, Kazakhstan', 'www.ynamly-tech.com', 'Good solutions for your business security.', 11, '/files/167/company-logo/ynamly-technology-logo.png');
INSERT INTO "public"."companies" VALUES (168, 'Ynamly yorelge', 4, '1994-08-15', 29, 'Dublin, Ireland', 'www.ajayyp-yorelge.com', 'Good security services in the field.', 11, '/files/168/company-logo/company-logo-1.webp');
INSERT INTO "public"."companies" VALUES (169, 'Medical company 1', 3, '1989-06-25', 37, 'Berlin, Germany', 'www.medical1.com', 'Medical solutions for your daily needs', 13, '/files/169/company-logo/company-logo-2.webp');
INSERT INTO "public"."companies" VALUES (170, 'Medical company 2', 3, '2001-05-13', 45, 'Mary, Turkmenistan', 'www.medical2.com', 'Medical 3 is best choice for you.', 13, '/files/170/company-logo/company-logo-3.webp');
INSERT INTO "public"."companies" VALUES (171, 'Medical company 3', 3, '1995-08-25', 53, 'Lebap, Turkmenistan', 'www.medical3.com', 'medical 3 is good choice', 13, '/files/171/company-logo/company-logo-3.webp');
INSERT INTO "public"."companies" VALUES (172, 'Logistics company 1', 2, '2003-02-15', 58, 'Balkan, Turkmenistan', 'www.logistics-1.com', 'better logistics choice for you.', 14, '/files/172/company-logo/ynamly-technology-logo.png');
INSERT INTO "public"."companies" VALUES (173, 'Logistics company 2', 2, '2006-09-15', 79, 'Dashoguz, Turkmenistan', 'www.logistics-2.com', 'good logistics solutions and expeditors', 14, '/files/173/company-logo/ynamly-yorelge-logo.png');
INSERT INTO "public"."companies" VALUES (174, 'Logistics company 3', 2, '2016-12-19', 104, 'Ahal, Turkmenistan', 'www.logistics-3.com', 'Reliable logistics services', 14, '/files/174/company-logo/ynamly-yorelge-logo.png');
INSERT INTO "public"."companies" VALUES (175, 'Walmart', 1, '1994-11-05', 15000, 'LA, USA', 'www.walmart.com', 'E-commerce retail trade and others', 15, '/files/175/company-logo/company-logo-1.webp');
INSERT INTO "public"."companies" VALUES (176, 'Google', 1, '2008-09-09', 1005, 'San Fransisco, USA', 'www.google.com', 'google google google descriptions', 15, '/files/176/company-logo/company-logo-2.webp');
INSERT INTO "public"."companies" VALUES (177, 'Amazon', 1, '1991-09-25', 7900, 'Texas, USA', 'www.amazon.com', 'Reliable retail services', 15, '/files/177/company-logo/company-logo-3.webp');
INSERT INTO "public"."companies" VALUES (165, 'Ignite changed', 5, '2009-02-11', 5500, 'Alma-ata, Kazakhstan', 'www.ignite.com', 'Reliable partner for your IT solutions.', 4, '/files/165/company-logo/company-logo-2.webp');

-- ----------------------------
-- Table structure for company_categories
-- ----------------------------
DROP TABLE IF EXISTS "public"."company_categories";
CREATE TABLE "public"."company_categories" (
  "id" int4 NOT NULL GENERATED BY DEFAULT AS IDENTITY (
INCREMENT 1
MINVALUE  1
MAXVALUE 2147483647
START 1
CACHE 1
),
  "category_name" varchar(255) COLLATE "pg_catalog"."default" NOT NULL
)
;

-- ----------------------------
-- Records of company_categories
-- ----------------------------
INSERT INTO "public"."company_categories" VALUES (2, 'Logistics');
INSERT INTO "public"."company_categories" VALUES (4, 'Security');
INSERT INTO "public"."company_categories" VALUES (1, 'Top companies');
INSERT INTO "public"."company_categories" VALUES (5, 'Technology');
INSERT INTO "public"."company_categories" VALUES (3, 'Medical');

-- ----------------------------
-- Table structure for company_social_links
-- ----------------------------
DROP TABLE IF EXISTS "public"."company_social_links";
CREATE TABLE "public"."company_social_links" (
  "id" int4 NOT NULL GENERATED BY DEFAULT AS IDENTITY (
INCREMENT 1
MINVALUE  1
MAXVALUE 2147483647
START 1
CACHE 1
),
  "url" varchar(255) COLLATE "pg_catalog"."default" NOT NULL,
  "type_id" int4 NOT NULL,
  "company_id" int4 NOT NULL
)
;

-- ----------------------------
-- Records of company_social_links
-- ----------------------------
INSERT INTO "public"."company_social_links" VALUES (164, 'www.tiktok.com/some-company.com', 1, 164);
INSERT INTO "public"."company_social_links" VALUES (165, 'www.instagram.com/some-company.com', 2, 164);
INSERT INTO "public"."company_social_links" VALUES (166, 'www.tiktok.com/some-company.com', 1, 165);
INSERT INTO "public"."company_social_links" VALUES (167, 'www.instagram.com/some-company.com', 2, 165);
INSERT INTO "public"."company_social_links" VALUES (168, 'www.tiktok.com/some-company.com', 1, 166);
INSERT INTO "public"."company_social_links" VALUES (169, 'www.instagram.com/some-company.com', 2, 166);
INSERT INTO "public"."company_social_links" VALUES (170, 'www.tiktok.com/some-company.com', 1, 167);
INSERT INTO "public"."company_social_links" VALUES (171, 'www.instagram.com/some-company.com', 2, 167);
INSERT INTO "public"."company_social_links" VALUES (172, 'www.tiktok.com/some-company.com', 1, 168);
INSERT INTO "public"."company_social_links" VALUES (173, 'www.instagram.com/some-company.com', 2, 168);
INSERT INTO "public"."company_social_links" VALUES (174, 'www.tiktok.com/some-company.com', 1, 169);
INSERT INTO "public"."company_social_links" VALUES (175, 'www.instagram.com/some-company.com', 2, 169);
INSERT INTO "public"."company_social_links" VALUES (176, 'www.tiktok.com/some-company.com', 1, 170);
INSERT INTO "public"."company_social_links" VALUES (177, 'www.instagram.com/some-company.com', 2, 170);
INSERT INTO "public"."company_social_links" VALUES (178, 'www.tiktok.com/some-company.com', 1, 171);
INSERT INTO "public"."company_social_links" VALUES (179, 'www.instagram.com/some-company.com', 2, 171);
INSERT INTO "public"."company_social_links" VALUES (180, 'www.tiktok.com/some-company.com', 1, 172);
INSERT INTO "public"."company_social_links" VALUES (181, 'www.instagram.com/some-company.com', 2, 172);
INSERT INTO "public"."company_social_links" VALUES (182, 'www.tiktok.com/some-company.com', 1, 173);
INSERT INTO "public"."company_social_links" VALUES (183, 'www.instagram.com/some-company.com', 2, 173);
INSERT INTO "public"."company_social_links" VALUES (184, 'www.tiktok.com/some-company.com', 1, 174);
INSERT INTO "public"."company_social_links" VALUES (185, 'www.instagram.com/some-company.com', 2, 174);
INSERT INTO "public"."company_social_links" VALUES (186, 'www.tiktok.com/some-company.com', 1, 175);
INSERT INTO "public"."company_social_links" VALUES (187, 'www.instagram.com/some-company.com', 2, 175);
INSERT INTO "public"."company_social_links" VALUES (188, 'www.tiktok.com/some-company.com', 1, 176);
INSERT INTO "public"."company_social_links" VALUES (189, 'www.instagram.com/some-company.com', 2, 176);
INSERT INTO "public"."company_social_links" VALUES (190, 'www.tiktok.com/some-company.com', 1, 177);
INSERT INTO "public"."company_social_links" VALUES (191, 'www.instagram.com/some-company.com', 2, 177);

-- ----------------------------
-- Table structure for contacts
-- ----------------------------
DROP TABLE IF EXISTS "public"."contacts";
CREATE TABLE "public"."contacts" (
  "id" int4 NOT NULL GENERATED BY DEFAULT AS IDENTITY (
INCREMENT 1
MINVALUE  1
MAXVALUE 2147483647
START 1
CACHE 1
),
  "avatar" varchar(255) COLLATE "pg_catalog"."default",
  "fullname" varchar(255) COLLATE "pg_catalog"."default" NOT NULL,
  "title_id" int4 NOT NULL,
  "phone" varchar(255) COLLATE "pg_catalog"."default",
  "company_id" int4 NOT NULL
)
;

-- ----------------------------
-- Records of contacts
-- ----------------------------
INSERT INTO "public"."contacts" VALUES (109, '/files/136/contacts-avatars/contact-avatar-4.webp', 'Dowlet Didarov', 1, '99363656998', 136);
INSERT INTO "public"."contacts" VALUES (110, '/files/136/contacts-avatars/contact-avatar-1.webp', 'Shamyrat Abdyyev', 1, '99363525458', 136);
INSERT INTO "public"."contacts" VALUES (136, '/files/164/contacts-avatars/contact-avatar-1.webp', 'yakup gurbanov', 1, '99362334422', 164);
INSERT INTO "public"."contacts" VALUES (138, '/files/166/contacts-avatars/contact-avatar-3.webp', 'Azat Orazow', 3, '99363589674', 166);
INSERT INTO "public"."contacts" VALUES (139, '/files/167/contacts-avatars/contact-avatar-4.webp', 'Berdi Kerimov', 3, '99363521463', 167);
INSERT INTO "public"."contacts" VALUES (140, '/files/168/contacts-avatars/contact-avatar-1.webp', 'Bezirgen Dovranov', 1, '99363854569', 168);
INSERT INTO "public"."contacts" VALUES (141, '/files/169/contacts-avatars/contact-avatar-2.webp', 'Ayjeren Meredova', 2, '99365851236', 169);
INSERT INTO "public"."contacts" VALUES (142, '/files/170/contacts-avatars/contact-avatar-3.webp', 'Aymyrat Selimov', 3, '99367855413', 170);
INSERT INTO "public"."contacts" VALUES (143, '/files/171/contacts-avatars/contact-avatar-4.webp', 'Seyran Abdyyev', 3, '99365413685', 171);
INSERT INTO "public"."contacts" VALUES (144, '/files/172/contacts-avatars/contact-avatar-1.webp', 'Oraz Tejenov', 1, '99365416895', 172);
INSERT INTO "public"."contacts" VALUES (145, '/files/173/contacts-avatars/contact-avatar-1.webp', 'Sohbet Atayev', 2, '99363789654', 173);
INSERT INTO "public"."contacts" VALUES (146, '/files/174/contacts-avatars/contact-avatar-2.webp', 'Ayjemal Bekiyeva', 3, '99362459631', 174);
INSERT INTO "public"."contacts" VALUES (147, '/files/175/contacts-avatars/contact-avatar-3.webp', 'Guvanch Niyazov', 2, '99364126485', 175);
INSERT INTO "public"."contacts" VALUES (148, '/files/176/contacts-avatars/contact-avatar-4.webp', 'Mike Mercer', 2, '99361459685', 176);
INSERT INTO "public"."contacts" VALUES (149, '/files/177/contacts-avatars/contact-avatar-1.webp', 'Myrat Suleymanov', 3, '99367854961', 177);
INSERT INTO "public"."contacts" VALUES (137, '/files/165/contacts-avatars/contact-avatar-2.webp', 'Oraz Tejenov', 3, '99363658555', 165);

-- ----------------------------
-- Table structure for contacts_social_links
-- ----------------------------
DROP TABLE IF EXISTS "public"."contacts_social_links";
CREATE TABLE "public"."contacts_social_links" (
  "id" int4 NOT NULL GENERATED BY DEFAULT AS IDENTITY (
INCREMENT 1
MINVALUE  1
MAXVALUE 99999
START 1
CACHE 1
),
  "url" varchar(255) COLLATE "pg_catalog"."default" NOT NULL,
  "type_id" int4 NOT NULL,
  "contact_id" int4 NOT NULL
)
;

-- ----------------------------
-- Records of contacts_social_links
-- ----------------------------
INSERT INTO "public"."contacts_social_links" VALUES (89, 'www.tiktok.com/Shamyrat Abdyyew.com', 1, 110);
INSERT INTO "public"."contacts_social_links" VALUES (90, 'www.instagram.com/Shamyrat Abdyyew.com', 2, 110);
INSERT INTO "public"."contacts_social_links" VALUES (91, 'www.whatsapp.com/Shamyrat Abdyyew.com', 3, 110);
INSERT INTO "public"."contacts_social_links" VALUES (149, 'www.tiktok.com/abdy-abdyyev.com', 1, 136);
INSERT INTO "public"."contacts_social_links" VALUES (150, 'www.instagram.com/abdy-abdyyev.com', 2, 136);
INSERT INTO "public"."contacts_social_links" VALUES (151, 'www.whatsapp.com/abdy-abdyyev.com', 3, 136);
INSERT INTO "public"."contacts_social_links" VALUES (152, 'www.tiktok.com/abdy-abdyyev.com', 1, 137);
INSERT INTO "public"."contacts_social_links" VALUES (153, 'www.instagram.com/abdy-abdyyev.com', 2, 137);
INSERT INTO "public"."contacts_social_links" VALUES (154, 'www.whatsapp.com/abdy-abdyyev.com', 3, 137);
INSERT INTO "public"."contacts_social_links" VALUES (155, 'www.tiktok.com/abdy-abdyyev.com', 1, 138);
INSERT INTO "public"."contacts_social_links" VALUES (156, 'www.instagram.com/abdy-abdyyev.com', 2, 138);
INSERT INTO "public"."contacts_social_links" VALUES (157, 'www.whatsapp.com/abdy-abdyyev.com', 3, 138);
INSERT INTO "public"."contacts_social_links" VALUES (158, 'www.tiktok.com/abdy-abdyyev.com', 1, 139);
INSERT INTO "public"."contacts_social_links" VALUES (159, 'www.instagram.com/abdy-abdyyev.com', 2, 139);
INSERT INTO "public"."contacts_social_links" VALUES (160, 'www.whatsapp.com/abdy-abdyyev.com', 3, 139);
INSERT INTO "public"."contacts_social_links" VALUES (161, 'www.tiktok.com/abdy-abdyyev.com', 1, 140);
INSERT INTO "public"."contacts_social_links" VALUES (162, 'www.instagram.com/abdy-abdyyev.com', 2, 140);
INSERT INTO "public"."contacts_social_links" VALUES (163, 'www.whatsapp.com/abdy-abdyyev.com', 3, 140);
INSERT INTO "public"."contacts_social_links" VALUES (164, 'www.tiktok.com/abdy-abdyyev.com', 1, 141);
INSERT INTO "public"."contacts_social_links" VALUES (165, 'www.instagram.com/abdy-abdyyev.com', 2, 141);
INSERT INTO "public"."contacts_social_links" VALUES (166, 'www.whatsapp.com/abdy-abdyyev.com', 3, 141);
INSERT INTO "public"."contacts_social_links" VALUES (167, 'www.tiktok.com/abdy-abdyyev.com', 1, 142);
INSERT INTO "public"."contacts_social_links" VALUES (168, 'www.instagram.com/abdy-abdyyev.com', 2, 142);
INSERT INTO "public"."contacts_social_links" VALUES (169, 'www.whatsapp.com/abdy-abdyyev.com', 3, 142);
INSERT INTO "public"."contacts_social_links" VALUES (170, 'www.tiktok.com/abdy-abdyyev.com', 1, 143);
INSERT INTO "public"."contacts_social_links" VALUES (171, 'www.instagram.com/abdy-abdyyev.com', 2, 143);
INSERT INTO "public"."contacts_social_links" VALUES (172, 'www.whatsapp.com/abdy-abdyyev.com', 3, 143);
INSERT INTO "public"."contacts_social_links" VALUES (173, 'www.tiktok.com/abdy-abdyyev.com', 1, 144);
INSERT INTO "public"."contacts_social_links" VALUES (174, 'www.instagram.com/abdy-abdyyev.com', 2, 144);
INSERT INTO "public"."contacts_social_links" VALUES (175, 'www.whatsapp.com/abdy-abdyyev.com', 3, 144);
INSERT INTO "public"."contacts_social_links" VALUES (176, 'www.tiktok.com/abdy-abdyyev.com', 1, 145);
INSERT INTO "public"."contacts_social_links" VALUES (177, 'www.instagram.com/abdy-abdyyev.com', 2, 145);
INSERT INTO "public"."contacts_social_links" VALUES (178, 'www.whatsapp.com/abdy-abdyyev.com', 3, 145);
INSERT INTO "public"."contacts_social_links" VALUES (179, 'www.tiktok.com/abdy-abdyyev.com', 1, 146);
INSERT INTO "public"."contacts_social_links" VALUES (180, 'www.instagram.com/abdy-abdyyev.com', 2, 146);
INSERT INTO "public"."contacts_social_links" VALUES (181, 'www.whatsapp.com/abdy-abdyyev.com', 3, 146);
INSERT INTO "public"."contacts_social_links" VALUES (182, 'www.tiktok.com/abdy-abdyyev.com', 1, 147);
INSERT INTO "public"."contacts_social_links" VALUES (183, 'www.instagram.com/abdy-abdyyev.com', 2, 147);
INSERT INTO "public"."contacts_social_links" VALUES (184, 'www.whatsapp.com/abdy-abdyyev.com', 3, 147);
INSERT INTO "public"."contacts_social_links" VALUES (185, 'www.tiktok.com/abdy-abdyyev.com', 1, 148);
INSERT INTO "public"."contacts_social_links" VALUES (186, 'www.instagram.com/abdy-abdyyev.com', 2, 148);
INSERT INTO "public"."contacts_social_links" VALUES (187, 'www.whatsapp.com/abdy-abdyyev.com', 3, 148);
INSERT INTO "public"."contacts_social_links" VALUES (188, 'www.tiktok.com/abdy-abdyyev.com', 1, 149);
INSERT INTO "public"."contacts_social_links" VALUES (189, 'www.instagram.com/abdy-abdyyev.com', 2, 149);
INSERT INTO "public"."contacts_social_links" VALUES (190, 'www.whatsapp.com/abdy-abdyyev.com', 3, 149);
INSERT INTO "public"."contacts_social_links" VALUES (86, 'www.tiktok.com/dowlet-didarov.com', 1, 109);
INSERT INTO "public"."contacts_social_links" VALUES (87, 'www.instagram.com/dowlet-didarov.com', 2, 109);
INSERT INTO "public"."contacts_social_links" VALUES (88, 'www.whatsapp.com/dowlet-didarov.com', 3, 109);

-- ----------------------------
-- Table structure for roles
-- ----------------------------
DROP TABLE IF EXISTS "public"."roles";
CREATE TABLE "public"."roles" (
  "id" int4 NOT NULL GENERATED BY DEFAULT AS IDENTITY (
INCREMENT 1
MINVALUE  1
MAXVALUE 99999
START 1
CACHE 1
),
  "role" varchar(30) COLLATE "pg_catalog"."default" NOT NULL
)
;

-- ----------------------------
-- Records of roles
-- ----------------------------
INSERT INTO "public"."roles" VALUES (1, 'admin');
INSERT INTO "public"."roles" VALUES (2, 'employee');

-- ----------------------------
-- Table structure for services
-- ----------------------------
DROP TABLE IF EXISTS "public"."services";
CREATE TABLE "public"."services" (
  "id" int4 NOT NULL GENERATED BY DEFAULT AS IDENTITY (
INCREMENT 1
MINVALUE  1
MAXVALUE 2147483647
START 1
CACHE 1
),
  "image" varchar(255) COLLATE "pg_catalog"."default",
  "description" text COLLATE "pg_catalog"."default" NOT NULL,
  "company_id" int4 NOT NULL
)
;

-- ----------------------------
-- Records of services
-- ----------------------------
INSERT INTO "public"."services" VALUES (124, '/files/136/services-images/security-service-1.webp', 'Security service 1', 136);
INSERT INTO "public"."services" VALUES (125, '/files/136/services-images/security-service-2.webp', 'Security service 2', 136);
INSERT INTO "public"."services" VALUES (149, '/files/164/services-images/cybersecurity-service-1.jpg', 'cyber 1', 164);
INSERT INTO "public"."services" VALUES (150, '/files/164/services-images/cybersecurity-service-2.webp', 'cyber 2', 164);
INSERT INTO "public"."services" VALUES (152, '/files/165/services-images/security-service-2.webp', 'security service 2', 165);
INSERT INTO "public"."services" VALUES (153, '/files/166/services-images/cybersecurity-service-1.jpg', 'IT service 1', 166);
INSERT INTO "public"."services" VALUES (154, '/files/166/services-images/cybersecurity-service-2.webp', 'IT service 2', 166);
INSERT INTO "public"."services" VALUES (159, '/files/167/services-images/security-service-1.webp', 'security service 1', 167);
INSERT INTO "public"."services" VALUES (160, '/files/167/services-images/security-service-2.webp', 'security service 2', 167);
INSERT INTO "public"."services" VALUES (161, '/files/168/services-images/cybersecurity-service-1.jpg', 'Security service 1', 168);
INSERT INTO "public"."services" VALUES (162, '/files/168/services-images/cybersecurity-service-2.webp', 'Security service 2', 168);
INSERT INTO "public"."services" VALUES (163, '/files/169/services-images/cybersecurity-service-1.jpg', 'Medical service 1', 169);
INSERT INTO "public"."services" VALUES (164, '/files/169/services-images/cybersecurity-service-2.webp', 'Medical service 2', 169);
INSERT INTO "public"."services" VALUES (165, '/files/170/services-images/security-service-1.webp', 'Medical service 1', 170);
INSERT INTO "public"."services" VALUES (166, '/files/170/services-images/security-service-2.webp', 'Medical service 2', 170);
INSERT INTO "public"."services" VALUES (167, '/files/171/services-images/security-service-1.webp', 'Medical service 1', 171);
INSERT INTO "public"."services" VALUES (168, '/files/171/services-images/security-service-2.webp', 'Medical service 2', 171);
INSERT INTO "public"."services" VALUES (169, '/files/172/services-images/security-service-1.webp', 'Logistics service 1', 172);
INSERT INTO "public"."services" VALUES (170, '/files/172/services-images/security-service-2.webp', 'Logistics service 2', 172);
INSERT INTO "public"."services" VALUES (171, '/files/173/services-images/cybersecurity-service-1.jpg', 'Logistics service 1', 173);
INSERT INTO "public"."services" VALUES (172, '/files/173/services-images/cybersecurity-service-2.webp', 'Logistics service 2', 173);
INSERT INTO "public"."services" VALUES (173, '/files/174/services-images/cybersecurity-service-1.jpg', 'Logistics services 1', 174);
INSERT INTO "public"."services" VALUES (174, '/files/174/services-images/cybersecurity-service-2.webp', 'Logistics services 2', 174);
INSERT INTO "public"."services" VALUES (175, '/files/175/services-images/security-service-1.webp', 'Retail service 1', 175);
INSERT INTO "public"."services" VALUES (176, '/files/175/services-images/security-service-2.webp', 'Retail service 2', 175);
INSERT INTO "public"."services" VALUES (177, '/files/176/services-images/cybersecurity-service-1.jpg', 'google service 1', 176);
INSERT INTO "public"."services" VALUES (178, '/files/176/services-images/cybersecurity-service-2.webp', 'google service 2', 176);
INSERT INTO "public"."services" VALUES (179, '/files/177/services-images/security-service-1.webp', 'Amazon service 1', 177);
INSERT INTO "public"."services" VALUES (180, '/files/177/services-images/security-service-2.webp', 'Amazon service 2', 177);
INSERT INTO "public"."services" VALUES (151, '/files/165/services-images/cybersecurity-service-1.jpg', 'service changed 1', 165);

-- ----------------------------
-- Table structure for social_media_types
-- ----------------------------
DROP TABLE IF EXISTS "public"."social_media_types";
CREATE TABLE "public"."social_media_types" (
  "id" int4 NOT NULL GENERATED BY DEFAULT AS IDENTITY (
INCREMENT 1
MINVALUE  1
MAXVALUE 100
START 1
CACHE 1
),
  "type" varchar(25) COLLATE "pg_catalog"."default" NOT NULL
)
;

-- ----------------------------
-- Records of social_media_types
-- ----------------------------
INSERT INTO "public"."social_media_types" VALUES (1, 'tiktok');
INSERT INTO "public"."social_media_types" VALUES (2, 'instagram');
INSERT INTO "public"."social_media_types" VALUES (3, 'whatsapp');
INSERT INTO "public"."social_media_types" VALUES (4, 'link');
INSERT INTO "public"."social_media_types" VALUES (5, 'imo');
INSERT INTO "public"."social_media_types" VALUES (6, 'telegram');
INSERT INTO "public"."social_media_types" VALUES (7, 'x');
INSERT INTO "public"."social_media_types" VALUES (8, 'facebook');

-- ----------------------------
-- Table structure for titles
-- ----------------------------
DROP TABLE IF EXISTS "public"."titles";
CREATE TABLE "public"."titles" (
  "id" int4 NOT NULL GENERATED BY DEFAULT AS IDENTITY (
INCREMENT 1
MINVALUE  1
MAXVALUE 2147483647
START 1
CACHE 1
),
  "title" varchar(255) COLLATE "pg_catalog"."default" NOT NULL
)
;

-- ----------------------------
-- Records of titles
-- ----------------------------
INSERT INTO "public"."titles" VALUES (1, 'Sales manager');
INSERT INTO "public"."titles" VALUES (2, 'Customer service');
INSERT INTO "public"."titles" VALUES (3, 'Human resources');

-- ----------------------------
-- Table structure for users
-- ----------------------------
DROP TABLE IF EXISTS "public"."users";
CREATE TABLE "public"."users" (
  "id" int4 NOT NULL GENERATED BY DEFAULT AS IDENTITY (
INCREMENT 1
MINVALUE  1
MAXVALUE 99999
START 1
CACHE 1
),
  "username" varchar(255) COLLATE "pg_catalog"."default" NOT NULL,
  "fullname" varchar(255) COLLATE "pg_catalog"."default" NOT NULL,
  "role_id" int4 NOT NULL,
  "password" varchar(255) COLLATE "pg_catalog"."default",
  "title_id" int4
)
;

-- ----------------------------
-- Records of users
-- ----------------------------
INSERT INTO "public"."users" VALUES (11, 'jumayev_employee', 'Arslan Jumayev', 2, 'f64d10e5fcdcbef5ae32e47269fb7dcb56fcf6ae', 1);
INSERT INTO "public"."users" VALUES (4, 'durdyyev_employee', 'Selim Durdyyev', 2, 'e5c853e2b72c10690d9abbc7f572496ab9c27465', NULL);
INSERT INTO "public"."users" VALUES (12, 'berdiyev_admin', 'Azat Berdiyev', 1, '699379cc19fc6ce67400f0d9697062001e9e1d24', 1);
INSERT INTO "public"."users" VALUES (13, 'tachliyeva_employee', 'Gulnar Tachliyeva', 2, '6634e1bb3040990ba397ce72b7afc9b9295e069a', 2);
INSERT INTO "public"."users" VALUES (14, 'weliyev_employee', 'Rustem Weliyev', 2, '0d40dbbb63b5e2d75eac23e9cfb3669fd93c1746', 3);
INSERT INTO "public"."users" VALUES (15, 'gylyjova_employee', 'Merjen Gylyjova', 2, 'e4f2bf8d15125a611ef2597734fdacb39c6af9e3', 3);

-- ----------------------------
-- Alter sequences owned by
-- ----------------------------
ALTER SEQUENCE "public"."companies_id_seq"
OWNED BY "public"."companies"."id";
SELECT setval('"public"."companies_id_seq"', 178, true);

-- ----------------------------
-- Alter sequences owned by
-- ----------------------------
ALTER SEQUENCE "public"."company_categories_id_seq"
OWNED BY "public"."company_categories"."id";
SELECT setval('"public"."company_categories_id_seq"', 5, true);

-- ----------------------------
-- Alter sequences owned by
-- ----------------------------
ALTER SEQUENCE "public"."company_social_links_id_seq"
OWNED BY "public"."company_social_links"."id";
SELECT setval('"public"."company_social_links_id_seq"', 193, true);

-- ----------------------------
-- Alter sequences owned by
-- ----------------------------
ALTER SEQUENCE "public"."contacts_id_seq"
OWNED BY "public"."contacts"."id";
SELECT setval('"public"."contacts_id_seq"', 149, true);

-- ----------------------------
-- Alter sequences owned by
-- ----------------------------
ALTER SEQUENCE "public"."contacts_social_links_id_seq"
OWNED BY "public"."contacts_social_links"."id";
SELECT setval('"public"."contacts_social_links_id_seq"', 190, true);

-- ----------------------------
-- Alter sequences owned by
-- ----------------------------
ALTER SEQUENCE "public"."roles_id_seq"
OWNED BY "public"."roles"."id";
SELECT setval('"public"."roles_id_seq"', 2, true);

-- ----------------------------
-- Alter sequences owned by
-- ----------------------------
ALTER SEQUENCE "public"."services_id_seq"
OWNED BY "public"."services"."id";
SELECT setval('"public"."services_id_seq"', 180, true);

-- ----------------------------
-- Alter sequences owned by
-- ----------------------------
ALTER SEQUENCE "public"."social_media_types_id_seq"
OWNED BY "public"."social_media_types"."id";
SELECT setval('"public"."social_media_types_id_seq"', 8, true);

-- ----------------------------
-- Alter sequences owned by
-- ----------------------------
ALTER SEQUENCE "public"."titles_id_seq"
OWNED BY "public"."titles"."id";
SELECT setval('"public"."titles_id_seq"', 3, true);

-- ----------------------------
-- Alter sequences owned by
-- ----------------------------
ALTER SEQUENCE "public"."users_id_seq"
OWNED BY "public"."users"."id";
SELECT setval('"public"."users_id_seq"', 18, true);

-- ----------------------------
-- Auto increment value for companies
-- ----------------------------
SELECT setval('"public"."companies_id_seq"', 178, true);

-- ----------------------------
-- Uniques structure for table companies
-- ----------------------------
ALTER TABLE "public"."companies" ADD CONSTRAINT "companies_company_name_key" UNIQUE ("company_name");

-- ----------------------------
-- Primary Key structure for table companies
-- ----------------------------
ALTER TABLE "public"."companies" ADD CONSTRAINT "companies_pkey" PRIMARY KEY ("id");

-- ----------------------------
-- Auto increment value for company_categories
-- ----------------------------
SELECT setval('"public"."company_categories_id_seq"', 5, true);

-- ----------------------------
-- Primary Key structure for table company_categories
-- ----------------------------
ALTER TABLE "public"."company_categories" ADD CONSTRAINT "company_categories_pkey" PRIMARY KEY ("id");

-- ----------------------------
-- Auto increment value for company_social_links
-- ----------------------------
SELECT setval('"public"."company_social_links_id_seq"', 193, true);

-- ----------------------------
-- Primary Key structure for table company_social_links
-- ----------------------------
ALTER TABLE "public"."company_social_links" ADD CONSTRAINT "company_social_links_pkey" PRIMARY KEY ("id");

-- ----------------------------
-- Auto increment value for contacts
-- ----------------------------
SELECT setval('"public"."contacts_id_seq"', 149, true);

-- ----------------------------
-- Uniques structure for table contacts
-- ----------------------------
ALTER TABLE "public"."contacts" ADD CONSTRAINT "contacts_phone_key" UNIQUE ("phone");

-- ----------------------------
-- Primary Key structure for table contacts
-- ----------------------------
ALTER TABLE "public"."contacts" ADD CONSTRAINT "contacts_pkey" PRIMARY KEY ("id");

-- ----------------------------
-- Auto increment value for contacts_social_links
-- ----------------------------
SELECT setval('"public"."contacts_social_links_id_seq"', 190, true);

-- ----------------------------
-- Primary Key structure for table contacts_social_links
-- ----------------------------
ALTER TABLE "public"."contacts_social_links" ADD CONSTRAINT "contacts_social_links_pkey" PRIMARY KEY ("id");

-- ----------------------------
-- Auto increment value for roles
-- ----------------------------
SELECT setval('"public"."roles_id_seq"', 2, true);

-- ----------------------------
-- Primary Key structure for table roles
-- ----------------------------
ALTER TABLE "public"."roles" ADD CONSTRAINT "roles_pkey" PRIMARY KEY ("id");

-- ----------------------------
-- Auto increment value for services
-- ----------------------------
SELECT setval('"public"."services_id_seq"', 180, true);

-- ----------------------------
-- Primary Key structure for table services
-- ----------------------------
ALTER TABLE "public"."services" ADD CONSTRAINT "services_pkey" PRIMARY KEY ("id");

-- ----------------------------
-- Auto increment value for social_media_types
-- ----------------------------
SELECT setval('"public"."social_media_types_id_seq"', 8, true);

-- ----------------------------
-- Uniques structure for table social_media_types
-- ----------------------------
ALTER TABLE "public"."social_media_types" ADD CONSTRAINT "social_media_types_type_key" UNIQUE ("type");

-- ----------------------------
-- Primary Key structure for table social_media_types
-- ----------------------------
ALTER TABLE "public"."social_media_types" ADD CONSTRAINT "social_media_types_pkey" PRIMARY KEY ("id");

-- ----------------------------
-- Auto increment value for titles
-- ----------------------------
SELECT setval('"public"."titles_id_seq"', 3, true);

-- ----------------------------
-- Primary Key structure for table titles
-- ----------------------------
ALTER TABLE "public"."titles" ADD CONSTRAINT "titles_pkey" PRIMARY KEY ("id");

-- ----------------------------
-- Auto increment value for users
-- ----------------------------
SELECT setval('"public"."users_id_seq"', 18, true);

-- ----------------------------
-- Primary Key structure for table users
-- ----------------------------
ALTER TABLE "public"."users" ADD CONSTRAINT "users_pkey" PRIMARY KEY ("id");

-- ----------------------------
-- Foreign Keys structure for table companies
-- ----------------------------
ALTER TABLE "public"."companies" ADD CONSTRAINT "companies_category_id_fkey" FOREIGN KEY ("category_id") REFERENCES "public"."company_categories" ("id") ON DELETE CASCADE ON UPDATE CASCADE;
ALTER TABLE "public"."companies" ADD CONSTRAINT "companies_user_id_fkey" FOREIGN KEY ("user_id") REFERENCES "public"."users" ("id") ON DELETE CASCADE ON UPDATE CASCADE;

-- ----------------------------
-- Foreign Keys structure for table company_social_links
-- ----------------------------
ALTER TABLE "public"."company_social_links" ADD CONSTRAINT "company_social_links_company_id_fkey" FOREIGN KEY ("company_id") REFERENCES "public"."companies" ("id") ON DELETE CASCADE ON UPDATE CASCADE;
ALTER TABLE "public"."company_social_links" ADD CONSTRAINT "company_social_links_type_id_fkey" FOREIGN KEY ("type_id") REFERENCES "public"."social_media_types" ("id") ON DELETE NO ACTION ON UPDATE NO ACTION;

-- ----------------------------
-- Foreign Keys structure for table contacts
-- ----------------------------
ALTER TABLE "public"."contacts" ADD CONSTRAINT "contacts_company_id_fkey" FOREIGN KEY ("company_id") REFERENCES "public"."companies" ("id") ON DELETE CASCADE ON UPDATE CASCADE;
ALTER TABLE "public"."contacts" ADD CONSTRAINT "contacts_title_id_fkey" FOREIGN KEY ("title_id") REFERENCES "public"."titles" ("id") ON DELETE CASCADE ON UPDATE CASCADE;

-- ----------------------------
-- Foreign Keys structure for table contacts_social_links
-- ----------------------------
ALTER TABLE "public"."contacts_social_links" ADD CONSTRAINT "contacts_social_links_contact_id_fkey" FOREIGN KEY ("contact_id") REFERENCES "public"."contacts" ("id") ON DELETE CASCADE ON UPDATE CASCADE;
ALTER TABLE "public"."contacts_social_links" ADD CONSTRAINT "contacts_social_links_type_id_fkey" FOREIGN KEY ("type_id") REFERENCES "public"."social_media_types" ("id") ON DELETE CASCADE ON UPDATE CASCADE;

-- ----------------------------
-- Foreign Keys structure for table services
-- ----------------------------
ALTER TABLE "public"."services" ADD CONSTRAINT "services_company_id_fkey" FOREIGN KEY ("company_id") REFERENCES "public"."companies" ("id") ON DELETE CASCADE ON UPDATE CASCADE;

-- ----------------------------
-- Foreign Keys structure for table users
-- ----------------------------
ALTER TABLE "public"."users" ADD CONSTRAINT "users_role_id_fkey" FOREIGN KEY ("role_id") REFERENCES "public"."roles" ("id") ON DELETE CASCADE ON UPDATE CASCADE;
ALTER TABLE "public"."users" ADD CONSTRAINT "users_title_id_fkey" FOREIGN KEY ("title_id") REFERENCES "public"."titles" ("id") ON DELETE NO ACTION ON UPDATE NO ACTION;
